用户名,粉丝数,排名
酷安小编,43469,1
森林里的小动物,35293,2
八百标兵,32654,3
星空未来,30576,4
梨子,24381,5
坂坂,18646,6
小浅丶,16887,7
yc9559,16685,8
pandecheng,16439,9
因是,16407,10
宁静之雨,15221,11
卫兰6,15087,12
极光ROM,14751,13
夜之浪子,14494,14
阿酷,13473,15
gtf32,12835,16
糖果城day,12792,17
weishu,12485,18
一只帅魅影,11868,19
寒歌,11335,20
秋明大佬,11032,21
茶杯,10798,22
尘封之泪,10078,23
橘猫520,9806,24
科技美学评测,9681,25
一葉枯舟,8876,26
侧脸君,8853,27
潇风残月,8848,28
手谈姬,8774,29
消失١,8429,30
various,8423,31
toolazy,8296,32
星夜不荟,7696,33
佯慢,7448,34
谷花泰,7240,35
柚木舟,7237,36
YYYღ,7171,37
黄福林,6764,38
老子开发,6622,39
iKirby,6544,40
哈尼小姐姐,6459,41
Tyrant怪,6302,42
fairyex,6213,43
壁纸菌,6175,44
麻豆时光,6118,45
zesty,6096,46
婷媌,5724,47
Hanhan888,5577,48
段铃铃,5516,49
外面下雨啦,5493,50
和风祥云,5407,51
Mrack,5381,52
zhou45,5376,53
酷安官方公告,5283,54
御子MikoMiko,5274,55
绅士寻欢,5271,56
晨钟_,5244,57
高桥李依,5220,58
苏凡,5184,59
户部大人,5175,60
fkzhang,5096,61
Brevent,5048,62
宇宙之辰,5023,63
風倾雲雨,4979,64
胖道士的闺女,4970,65
蝰蛇声学,4940,66
martincz,4898,67
桓清山,4894,68
落霞孤鹜2018,4824,69
国服第一狄仁杰,4743,70
小杨网络,4699,71
Anonymous709,4650,72
小李熹熹,4539,73
踏雪寻仙,4503,74
回形针,4437,75
Trumeet,4428,76
音懲,4349,77
OuYoung,4266,78
Likefr,4261,79
零灬落丶,4253,80
森雨Plus,4206,81
西红柿xhssm,4183,82
伟涛卖二手233333,4171,83
匿名游客,4161,84
Sealt,4161,85
姚小贱yoyodadada,4138,86
Time_,4071,87
zx8031,4046,88
cestu,4041,89
oasisfeng,4002,90
海贼索隆,3992,91
不要看钟,3987,92
浮华灬,3955,93
毛线没有团团,3934,94
liubaoyua,3921,95
酷安官方活动,3852,96
万能搜吧,3822,97
lin__,3757,98
陈道途,3704,99
千阙,3700,100
